<?xml version="1.0" encoding="utf-8"?>
<LanguageData>

  <!-- #4 Lighting -->

  <SadjuukLightA.label>LED照明</SadjuukLightA.label>
  <SadjuukLightA.description>基于LED技术的高效照明.</SadjuukLightA.description>

  <SadjuukLightB.label>街灯</SadjuukLightB.label>
  <SadjuukLightB.description>安装在户外的路灯.</SadjuukLightB.description>

  <SadjuukLightC.label>先进照明</SadjuukLightC.label>
  <SadjuukLightC.description>先进和更为坚固的照明.</SadjuukLightC.description>


  <!-- #4.5 Surgery -->

  <SadjuukSurgeryA.label>医疗设备</SadjuukSurgeryA.label>
  <SadjuukSurgeryA.description>用于建造实施手术的病床和设备.</SadjuukSurgeryA.description>

  <SadjuukSurgeryB.label>手术设备</SadjuukSurgeryB.label>
  <SadjuukSurgeryB.description>手术台手术工具及手术照明，用于提高手术质量.</SadjuukSurgeryB.description>


  <!-- #5 Furnitures -->

  <SadjuukFurnitureA.label>铁质家具</SadjuukFurnitureA.label>
  <SadjuukFurnitureA.description>以钢材为主的家具.</SadjuukFurnitureA.description>

  <SadjuukFurnitureB.label>玻璃家具</SadjuukFurnitureB.label>
  <SadjuukFurnitureB.description>使用玻璃或陶瓷板等难以加工材料的家具.</SadjuukFurnitureB.description>

  <SadjuukFurnitureC.label>先进家具</SadjuukFurnitureC.label>
  <SadjuukFurnitureC.description>采用先进设计和先进材料制作的家具.</SadjuukFurnitureC.description>


  <!-- #5.5 Temperature -->

  <SadjuukTemperatureA.label>温控装置</SadjuukTemperatureA.label>
  <SadjuukTemperatureA.description>基于陶瓷工艺的温度调节技术.</SadjuukTemperatureA.description>

  <SadjuukTemperatureB.label>先进温度管理</SadjuukTemperatureB.label>
  <SadjuukTemperatureB.description>先进的温度调节技术.</SadjuukTemperatureB.description>


</LanguageData>